521	NameError: name 'kotlin_Array_kotlin_Any__' is not defined
421	NameError: name 'js' is not defined
271	AttributeError: 'Companion_19' object has no attribute 'constructor'
190	NameError: name 'visitTry_org_jetbrains_kotlin_ir_expressions_impl_IrTryImpl' is not defined
170	NameError: name 'visitExpression_other_org_jetbrains_kotlin_ir_expressions_impl_IrFunctionReferenceImpl' is not defined
166	NameError: name 'Unexpected_operator_EQ' is not defined
105	kotlin.NotImplementedError: An operation is not implemented.
96	org.junit.ComparisonFailure: expected:<[OK]> but was:<[None]>
80	NameError: name 'kotlin_Boolean' is not defined
72	NameError: name 'undefined' is not defined
71	NameError: name 'Array' is not defined
70	AttributeError: 'int' object has no attribute 'data'
67	NameError: name 'kotlin_Any_' is not defined
47	TypeError: unsupported operand type(s) for +: 'NoneType' and 'str'
46	NameError: name 'kotlin_Int' is not defined
46	NameError: name 'kotlin_String' is not defined
43	NameError: name 'kotlin_Any' is not defined
43	NameError: name 'kotlin_UInt' is not defined
42	TypeError: 'NoneType' object is not callable
39	AttributeError: '_no_name_provided__11' object has no attribute 'constructor'
36	AttributeError: 'int' object has no attribute 'compareTo_wiekkq_k_'
36	SyntaxError: invalid syntax
35	NameError: name 'kotlin_Double' is not defined
31	AttributeError: 'NoneType' object has no attribute 'append_uch40_k_'
28	org.junit.ComparisonFailure: expected:<[OK]> but was:<[fail]>
27	AttributeError: '_no_name_provided__1_2' object has no attribute 'constructor'
26	AttributeError: 'ArrayAsCollection' object has no attribute 'toArray'
24	AttributeError: '_no_name_provided__10' object has no attribute 'constructor'
23	AttributeError: 'CheckStateMachineContinuation' object has no attribute 'constructor'
23	kotlin.NotImplementedError: An operation is not implemented: IrSpreadElementImpl is not supported yet here
21	AttributeError: 'Companion_23' object has no attribute 'constructor'
21	NameError: name 'kotlin_Result_T_' is not defined
20	TypeError: unsupported operand type(s) for +: 'NoneType' and 'int'
19	RecursionError: maximum recursion depth exceeded
19	There was a problem when extracting the contents of STDERR. Details: java.io.IOException: Stream closed
19	UnboundLocalError: local variable 'test1' referenced before assignment
18	TypeError: unsupported operand type(s) for +: 'NoneType' and 'NoneType'
17	AttributeError: 'int' object has no attribute 'toString'
16	TypeError: object of type 'NoneType' has no len()
15	org.junit.ComparisonFailure: expected:<[OK]> but was:<[Fail 0]>
14	AttributeError: '_no_name_provided__12' object has no attribute 'constructor'
14	TypeError: can only concatenate str (not "int") to str
12	NameError: name 'visitExpression_other__inToPyStatementTransformer_org_jetbrains_kotlin_ir_expressions_impl_IrCallImpl' is not defined
12	TypeError: __init__() takes 1 positional argument but 2 were given
12	UnboundLocalError: local variable 'test0' referenced before assignment
10	AttributeError: 'NoneType' object has no attribute '__setitem__'
10	ImportError: cannot import name 'box' from 'compiled_module' <path-truncated>)
10	NameError: name 'kotlin_Float' is not defined
9	AttributeError: 'NoneType' object has no attribute 'invoke_0_k_'
9	NameError: name 'kotlin_CharSequence' is not defined
9	java.lang.IllegalStateException: UNRESOLVED_REFERENCE_WRONG_RECEIVER: Unresolved reference. None of the following candidates is applicable because of receiver type mismatch: 
9	org.junit.ComparisonFailure: expected:<[OK]> but was:<[Fail]>
9	org.junit.ComparisonFailure: expected:<[O]K> but was:<[K]K>
8	AttributeError: 'NoneType' object has no attribute 'foo_0_k_'
8	java.lang.IllegalArgumentException: List has more than one element.
7	AttributeError: 'C' object has no attribute 'constructor'
7	AttributeError: 'NoneType' object has no attribute 'data'
7	NameError: name 'Object' is not defined
7	NameError: name 'Result_T_' is not defined
7	NameError: name 'kotlin_UByte' is not defined
7	org.junit.ComparisonFailure: expected:<[OK]> but was:<[fail 1]>
6	AttributeError: 'M' object has no attribute 'i'
6	NameError: name 'kotlin_Long' is not defined
6	TypeError: unsupported operand type(s) for +: 'M' and 'int'
6	org.junit.ComparisonFailure: expected:<[OK]> but was:<[fail: 1:2;]>
6	org.junit.ComparisonFailure: expected:<[OK]> but was:<[fail: None]>
5	AttributeError: 'NoneType' object has no attribute 'getValue_1kobyo_k_'
5	NameError: name 'kotlin_ULong' is not defined
5	NameError: name 'test_A' is not defined
5	NameError: name 'test_C' is not defined
5	TypeError: can only concatenate str (not "NoneType") to str
5	TypeError: unsupported operand type(s) for &: 'float' and 'int'
5	org.junit.ComparisonFailure: expected:<[OK]> but was:<[Fail: None]>
4	AttributeError: 'Companion_20' object has no attribute 'getO_0_k_'
4	AttributeError: 'SequenceBuilderIterator' object has no attribute 'constructor'
4	MemoryError
4	NameError: name 'Infinity' is not defined
4	NameError: name 'T' is not defined
4	NameError: name 'test_S' is not defined
4	NameError: name 'visitExpression_other__inToPyStatementTransformer_org_jetbrains_kotlin_ir_expressions_impl_IrFunctionExpressionImpl' is not defined
4	TypeError: '<' not supported between instances of 'NoneType' and 'NoneType'
4	java.lang.IllegalStateException: TOO_MANY_ARGUMENTS: Too many arguments for public fun assertTrue(x: Boolean): Unit defined in kotlin.test (10,34) in <path-truncated>
4	java.lang.NullPointerException
4	org.junit.ComparisonFailure: expected:<[OK]> but was:<[<compiled_module.A object at [address]>]>
4	org.junit.ComparisonFailure: expected:<[OK]> but was:<[Fail 1]>
4	org.junit.ComparisonFailure: expected:<[OK]> but was:<[test1 A.foo]>
3	AttributeError: 'EmptyContinuation_0' object has no attribute 'constructor'
3	AttributeError: 'Foo' object has no attribute 'bar'
3	AttributeError: 'Impl' object has no attribute 'constructor'
3	AttributeError: 'NoneType' object has no attribute 'constructor'
3	AttributeError: 'NoneType' object has no attribute 'getValue_d8h4ck_k_'
3	AttributeError: 'NoneType' object has no attribute 'iterator_0_k_'
3	AttributeError: 'NoneType' object has no attribute 'string'
3	AttributeError: 'int' object has no attribute 'toDouble_0_k_'
3	NameError: name 'Foo_T_' is not defined
3	NameError: name 'kotlin_Double_' is not defined
3	NameError: name 'translateCallArguments_1' is not defined
3	NameError: name 'translateCallArguments_2' is not defined
3	NameError: name 'translateCallArguments_3' is not defined
3	NameError: name 'visitExpression_other__inToPyStatementTransformer_org_jetbrains_kotlin_ir_expressions_impl_IrGetFieldImpl' is not defined
3	NameError: name 'visitExpression_other__inToPyStatementTransformer_org_jetbrains_kotlin_ir_expressions_impl_IrGetValueImpl' is not defined
3	NameError: name 'visitExpression_other__inToPyStatementTransformer_org_jetbrains_kotlin_ir_expressions_impl_IrTypeOperatorCallImpl' is not defined
3	SyntaxError: EOL while scanning string literal
3	UnboundLocalError: local variable 'step' referenced before assignment
3	java.lang.IllegalStateException: UNRESOLVED_REFERENCE: Unresolved reference: setOf (62,29) in <path-truncated>
3	org.junit.ComparisonFailure: expected:<[OK]> but was:<[Fail #1]>
3	org.junit.ComparisonFailure: expected:<[OK]> but was:<[Fail #2]>
3	org.junit.ComparisonFailure: expected:<[OK]> but was:<[fail1: None]>
2	AttributeError: 'A' object has no attribute 'constructor'
2	AttributeError: 'BImpl' object has no attribute 'constructor'
2	AttributeError: 'D' object has no attribute 'constructor'
2	AttributeError: 'EmptyMap' object has no attribute 'constructor'
2	AttributeError: 'NoneType' object has no attribute '_get_first__sv9k7v_k_'
2	AttributeError: 'NoneType' object has no attribute 'get_ha5a7z_k_'
2	AttributeError: 'NotEmptyMap' object has no attribute 'constructor'
2	AttributeError: '_no_name_provided__2_8_0' object has no attribute 'constructor'
2	AttributeError: 'tuple' object has no attribute '__setitem__'
2	NameError: name 'Value_' is not defined
2	NameError: name 'kotlin_UShort' is not defined
2	NameError: name 'test_Inner_kotlin_String_kotlin_String_' is not defined
2	NameError: name 'translateCallArguments_0' is not defined
2	NameError: name 'visitExpression_other__inToPyStatementTransformer_org_jetbrains_kotlin_ir_expressions_impl_IrSetFieldImpl' is not defined
2	SyntaxError: name 'xs' is used prior to global declaration
2	TypeError: '<=' not supported between instances of 'NoneType' and 'NoneType'
2	TypeError: 'NoneType' object is not subscriptable
2	TypeError: __init__() missing 1 required positional argument: 'ordinal'
2	TypeError: __init__() takes 2 positional arguments but 4 were given
2	TypeError: bad operand type for unary +: 'str'
2	TypeError: unsupported operand type(s) for +: 'Test' and 'int'
2	UnboundLocalError: local variable 'invokeOnA' referenced before assignment
2	java.lang.IllegalStateException: UNRESOLVED_REFERENCE: Unresolved reference: Pair (6,36) in <path-truncated>
2	java.lang.IllegalStateException: UNRESOLVED_REFERENCE: Unresolved reference: fail (132,9) in <path-truncated>
2	java.lang.IllegalStateException: UNRESOLVED_REFERENCE: Unresolved reference: linkedMapOf (6,18) in <path-truncated>
2	kotlin.UninitializedPropertyAccessException: Parent not initialized: org.jetbrains.kotlin.ir.declarations.persistent.PersistentIrConstructor@...
2	kotlin.UninitializedPropertyAccessException: Parent not initialized: org.jetbrains.kotlin.ir.declarations.persistent.PersistentIrFunction@...
2	org.junit.ComparisonFailure: expected:<[OK]> but was:<[8]>
2	org.junit.ComparisonFailure: expected:<[OK]> but was:<[<compiled_module.Inner object at [address]>]>
2	org.junit.ComparisonFailure: expected:<[OK]> but was:<[Fail 2]>
2	org.junit.ComparisonFailure: expected:<[OK]> but was:<[]>
2	org.junit.ComparisonFailure: expected:<[OK]> but was:<[fail 1: fail methodfail property]>
2	org.junit.ComparisonFailure: expected:<[OK]> but was:<[fail1: [2] object:C.foo(2);]>
2	org.junit.ComparisonFailure: expected:<[OK]> but was:<[fail: b.x = 1]>
2	org.junit.ComparisonFailure: expected:<[OK]> but was:<[failed 2]>
2	org.junit.ComparisonFailure: expected:<[OK]> but was:<[failfail]>
2	org.junit.ComparisonFailure: expected:<[OK]> but was:<[test1: None]>
2	org.junit.ComparisonFailure: expected:<[]OK> but was:<[fail: ]OK>
1	AttributeError: 'A' object has no attribute 'b'
1	AttributeError: 'A' object has no attribute 'foo_0_k_'
1	AttributeError: 'A' object has no attribute 's'
1	AttributeError: 'B' object has no attribute 'constructor'
1	AttributeError: 'B' object has no attribute 'f_default_nmiqce_k_'
1	AttributeError: 'B' object has no attribute 'y'
1	AttributeError: 'Base' object has no attribute 'constructor'
1	AttributeError: 'C' object has no attribute '_get_a__0_k_'
1	AttributeError: 'ClassB' object has no attribute 'invoke_1r174_k_'
1	AttributeError: 'Companion_17' object has no attribute 'K'
1	AttributeError: 'Companion_17' object has no attribute 'fromClosedRange_fcwjfj_k_'
1	AttributeError: 'Companion_19' object has no attribute 'getK_0_k_'
1	AttributeError: 'Companion_19' object has no attribute 'getO_0_k_'
1	AttributeError: 'Companion_19' object has no attribute 'public'
1	AttributeError: 'Companion_20' object has no attribute 'foo_2bn_k_'
1	AttributeError: 'Companion_20' object has no attribute 'getOK_0_k_'
1	AttributeError: 'Companion_20' object has no attribute 'vo'
1	AttributeError: 'Companion_23' object has no attribute 'vo'
1	AttributeError: 'CompositePhase' object has no attribute 'constructor'
1	AttributeError: 'D' object has no attribute 'value'
1	AttributeError: 'Derived' object has no attribute 'p'
1	AttributeError: 'EmptyList' object has no attribute 'constructor'
1	AttributeError: 'EmptyStringMap' object has no attribute 'constructor'
1	AttributeError: 'Foo' object has no attribute 'foo'
1	AttributeError: 'Foo' object has no attribute 'p'
1	AttributeError: 'FooImpl' object has no attribute 'x'
1	AttributeError: 'FunDependencyEdgeImpl' object has no attribute 'constructor'
1	AttributeError: 'Handler' object has no attribute 'path'
1	AttributeError: 'Impl' object has no attribute 'getContributedDescriptors_default_nmiqce_k_'
1	AttributeError: 'InlineTrait' object has no attribute 'constructor'
1	AttributeError: 'Inner' object has no attribute 'value'
1	AttributeError: 'N' object has no attribute 'b'
1	AttributeError: 'NoneType' object has no attribute '_get_first__0_k_'
1	AttributeError: 'NoneType' object has no attribute '_get_size__0_k_'
1	AttributeError: 'NoneType' object has no attribute 'add_2bq_k_'
1	AttributeError: 'NoneType' object has no attribute 'call_0_k_'
1	AttributeError: 'NoneType' object has no attribute 'check_hwwcoo_k_'
1	AttributeError: 'NoneType' object has no attribute 'contains_2c5_k_'
1	AttributeError: 'NoneType' object has no attribute 'f_2bq_k_'
1	AttributeError: 'NoneType' object has no attribute 'first'
1	AttributeError: 'NoneType' object has no attribute 'foo_uk8unn_k_'
1	AttributeError: 'NoneType' object has no attribute 'getValue_8jdd4h_k_'
1	AttributeError: 'NoneType' object has no attribute 'getValue_9ou11a_k_'
1	AttributeError: 'NoneType' object has no attribute 'getValue_jxhupm_k_'
1	AttributeError: 'NoneType' object has no attribute 'getValue_xl96hr_k_'
1	AttributeError: 'NoneType' object has no attribute 'isEmpty_0_k_'
1	AttributeError: 'NoneType' object has no attribute 'plusAssign_a4enbm_k_'
1	AttributeError: 'NoneType' object has no attribute 'println_qi8yb4_k_'
1	AttributeError: 'NoneType' object has no attribute 'result'
1	AttributeError: 'NoneType' object has no attribute 'setValue_2dxdrn_k_'
1	AttributeError: 'NoneType' object has no attribute 'setValue_efudr6_k_'
1	AttributeError: 'NoneType' object has no attribute 'setValue_gbl9e2_k_'
1	AttributeError: 'NoneType' object has no attribute 'test_0_k_'
1	AttributeError: 'NoneType' object has no attribute 'value'
1	AttributeError: 'NoneType' object has no attribute 'x'
1	AttributeError: 'NotEmptyList' object has no attribute 'constructor'
1	AttributeError: 'Scope' object has no attribute 'test_sv8swh_k_'
1	AttributeError: 'Test' object has no attribute 'constructor'
1	AttributeError: 'UIntArray' object has no attribute 'intArray'
1	AttributeError: 'Y' object has no attribute 'constructor'
1	AttributeError: 'Z' object has no attribute 'constructor'
1	AttributeError: 'Z2' object has no attribute 'p'
1	AttributeError: '_no_name_provided__13' object has no attribute 'constructor'
1	AttributeError: '_no_name_provided__19' object has no attribute 'constructor'
1	AttributeError: '_no_name_provided__20' object has no attribute 'constructor'
1	AttributeError: '_no_name_provided__21' object has no attribute 'constructor'
1	AttributeError: '_no_name_provided__9' object has no attribute 'constructor'
1	AttributeError: '_no_name_provided__9' object has no attribute 'foo_default_nmiqce_k_'
1	AttributeError: 'bool' object has no attribute 'toString'
1	AttributeError: 'int' object has no attribute 'hashCode'
1	AttributeError: 'int' object has no attribute 's'
1	IndentationError: expected an indented block
1	NameError: name 'A_' is not defined
1	NameError: name 'AsAny_T_' is not defined
1	NameError: name 'Base_kotlin_String_' is not defined
1	NameError: name 'C' is not defined
1	NameError: name 'GCmp_T_' is not defined
1	NameError: name 'K' is not defined
1	NameError: name 'MPair___' is not defined
1	NameError: name 'a_Base' is not defined
1	NameError: name 'kotlin_Char' is not defined
1	NameError: name 'kotlin_DoubleArray' is not defined
1	NameError: name 'kotlin_Enum___' is not defined
1	NameError: name 'kotlin_Function0_kotlin_Boolean_' is not defined
1	NameError: name 'kotlin_Function1_Common_kotlin_Unit_' is not defined
1	NameError: name 'kotlin_Function1_Top_kotlin_Unit_' is not defined
1	NameError: name 'kotlin_Function1_X_kotlin_String_' is not defined
1	NameError: name 'kotlin_Function1_X_kotlin_Unit_' is not defined
1	NameError: name 'kotlin_Function1_kotlin_Any_kotlin_Unit_' is not defined
1	NameError: name 'kotlin_Nothing' is not defined
1	NameError: name 'kotlin_Number' is not defined
1	NameError: name 'kotlin_String_' is not defined
1	NameError: name 'kotlin_UIntArray' is not defined
1	NameError: name 'kotlin_collections_HashMap__kotlin_String_kotlin_Any__' is not defined
1	NameError: name 'test_B' is not defined
1	NameError: name 'test_Base' is not defined
1	NameError: name 'test_Child' is not defined
1	NameError: name 'test_IC' is not defined
1	NameError: name 'test_IC1' is not defined
1	NameError: name 'visitExpression_other__inToPyStatementTransformer_org_jetbrains_kotlin_ir_expressions_impl_IrFunctionReferenceImpl' is not defined
1	SyntaxError: can't use starred expression here
1	SyntaxError: duplicate argument 'name' in function definition
1	SyntaxError: name 'result' is assigned to before global declaration
1	SyntaxError: name 'result' is used prior to global declaration
1	TypeError: '<=' not supported between instances of 'int' and 'NoneType'
1	TypeError: '_no_name_provided__9' object is not callable
1	TypeError: <lambda>() takes 1 positional argument but 2 were given
1	TypeError: _Props___init__impl_() takes 1 positional argument but 3 were given
1	TypeError: _UIntArray___init__impl_() takes 1 positional argument but 3 were given
1	TypeError: __init__() takes 2 positional arguments but 5 were given
1	TypeError: can only concatenate str (not "A") to str
1	TypeError: isArray() missing 1 required positional argument: 'obj'
1	TypeError: len() takes exactly one argument (0 given)
1	TypeError: len() takes exactly one argument (4 given)
1	TypeError: object of type 'Test' has no len()
1	TypeError: test_1() takes 1 positional argument but 4 were given
1	TypeError: unsupported operand type(s) for +: 'ExtProvider' and 'int'
1	TypeError: unsupported operand type(s) for +: 'Outer' and 'str'
1	TypeError: unsupported operand type(s) for +: 'X' and 'str'
1	TypeError: unsupported operand type(s) for +: 'Z' and 'int'
1	UnboundLocalError: local variable 'call' referenced before assignment
1	UnboundLocalError: local variable 'changeObject' referenced before assignment
1	UnboundLocalError: local variable 'nullableK' referenced before assignment
1	UnboundLocalError: local variable 'sorted' referenced before assignment
1	UnboundLocalError: local variable 'sum' referenced before assignment
1	UnboundLocalError: local variable 'test01' referenced before assignment
1	UnboundLocalError: local variable 'test2' referenced before assignment
1	UnboundLocalError: local variable 'two' referenced before assignment
1	ZeroDivisionError: float division by zero
1	java.lang.IllegalStateException: IMPLEMENTING_FUNCTION_INTERFACE: Implementing function interface is prohibited in JavaScript (8,14) in <path-truncated>
1	java.lang.IllegalStateException: NO_THIS: 'this' is not defined in this context (10,20) in <path-truncated>
1	java.lang.IllegalStateException: TOO_MANY_ARGUMENTS: Too many arguments for public fun <T> assertEquals(a: T, b: T): Unit defined in kotlin.test (20,49) in <path-truncated>
1	java.lang.IllegalStateException: TOO_MANY_ARGUMENTS: Too many arguments for public fun <T> assertEquals(a: T, b: T): Unit defined in kotlin.test (22,46) in <path-truncated>
1	java.lang.IllegalStateException: TOO_MANY_ARGUMENTS: Too many arguments for public fun <T> assertEquals(a: T, b: T): Unit defined in kotlin.test (23,34) in <path-truncated>
1	java.lang.IllegalStateException: TOO_MANY_ARGUMENTS: Too many arguments for public fun <T> assertEquals(a: T, b: T): Unit defined in kotlin.test (25,46) in <path-truncated>
1	java.lang.IllegalStateException: TOO_MANY_ARGUMENTS: Too many arguments for public fun <T> assertEquals(a: T, b: T): Unit defined in kotlin.test (78,56) in <path-truncated>
1	java.lang.IllegalStateException: TOO_MANY_ARGUMENTS: Too many arguments for public fun assertFalse(x: Boolean): Unit defined in kotlin.test (29,25) in <path-truncated>
1	java.lang.IllegalStateException: TOO_MANY_ARGUMENTS: Too many arguments for public fun assertFalse(x: Boolean): Unit defined in kotlin.test (30,25) in <path-truncated>
1	java.lang.IllegalStateException: TOO_MANY_ARGUMENTS: Too many arguments for public fun assertTrue(x: Boolean): Unit defined in kotlin.test (26,38) in <path-truncated>
1	java.lang.IllegalStateException: TOO_MANY_ARGUMENTS: Too many arguments for public open fun toString(): String defined in kotlin.Int (4,35) in <path-truncated>
1	java.lang.IllegalStateException: TYPE_MISMATCH: Type mismatch: inferred type is UByte but UInt was expected (15,85) in <path-truncated>
1	java.lang.IllegalStateException: UNRESOLVED_REFERENCE: Unresolved reference: AbstractMutableList (4,20) in <path-truncated>
1	java.lang.IllegalStateException: UNRESOLVED_REFERENCE: Unresolved reference: AbstractMutableList (5,23) in <path-truncated>
1	java.lang.IllegalStateException: UNRESOLVED_REFERENCE: Unresolved reference: AbstractSet (14,56) in <path-truncated>
1	java.lang.IllegalStateException: UNRESOLVED_REFERENCE: Unresolved reference: ArrayList (18,42) in <path-truncated>
1	java.lang.IllegalStateException: UNRESOLVED_REFERENCE: Unresolved reference: ArrayList (5,9) in <path-truncated>
1	java.lang.IllegalStateException: UNRESOLVED_REFERENCE: Unresolved reference: ArrayList (8,15) in <path-truncated>
1	java.lang.IllegalStateException: UNRESOLVED_REFERENCE: Unresolved reference: HashMap (6,13) in <path-truncated>
1	java.lang.IllegalStateException: UNRESOLVED_REFERENCE: Unresolved reference: Pair (20,62) in <path-truncated>
1	java.lang.IllegalStateException: UNRESOLVED_REFERENCE: Unresolved reference: Pair (22,11) in <path-truncated>
1	java.lang.IllegalStateException: UNRESOLVED_REFERENCE: Unresolved reference: Pair (4,24) in <path-truncated>
1	java.lang.IllegalStateException: UNRESOLVED_REFERENCE: Unresolved reference: Pair (8,36) in <path-truncated>
1	java.lang.IllegalStateException: UNRESOLVED_REFERENCE: Unresolved reference: Sequence (8,14) in <path-truncated>
1	java.lang.IllegalStateException: UNRESOLVED_REFERENCE: Unresolved reference: Sequence (9,11) in <path-truncated>
1	java.lang.IllegalStateException: UNRESOLVED_REFERENCE: Unresolved reference: Sequence (9,30) in <path-truncated>
1	java.lang.IllegalStateException: UNRESOLVED_REFERENCE: Unresolved reference: SequenceScope (6,18) in <path-truncated>
1	java.lang.IllegalStateException: UNRESOLVED_REFERENCE: Unresolved reference: StringBuilder (8,14) in <path-truncated>
1	java.lang.IllegalStateException: UNRESOLVED_REFERENCE: Unresolved reference: UShortArray (26,40) in <path-truncated>
1	java.lang.IllegalStateException: UNRESOLVED_REFERENCE: Unresolved reference: emptyList (57,43) in <path-truncated>
1	java.lang.IllegalStateException: UNRESOLVED_REFERENCE: Unresolved reference: getter (32,59) in <path-truncated>
1	java.lang.IllegalStateException: UNRESOLVED_REFERENCE: Unresolved reference: indexOfAny (15,18) in <path-truncated>
1	java.lang.IllegalStateException: UNRESOLVED_REFERENCE: Unresolved reference: it (6,28) in <path-truncated>
1	java.lang.IllegalStateException: UNRESOLVED_REFERENCE: Unresolved reference: it (8,26) in <path-truncated>
1	java.lang.IllegalStateException: UNRESOLVED_REFERENCE: Unresolved reference: lastIndex (9,23) in <path-truncated>
1	java.lang.IllegalStateException: UNRESOLVED_REFERENCE: Unresolved reference: listOf (11,13) in <path-truncated>
1	java.lang.IllegalStateException: UNRESOLVED_REFERENCE: Unresolved reference: listOf (17,9) in <path-truncated>
1	java.lang.IllegalStateException: UNRESOLVED_REFERENCE: Unresolved reference: listOf (19,16) in <path-truncated>
1	java.lang.IllegalStateException: UNRESOLVED_REFERENCE: Unresolved reference: listOf (5,13) in <path-truncated>
1	java.lang.IllegalStateException: UNRESOLVED_REFERENCE: Unresolved reference: listOf (8,9) in <path-truncated>
1	java.lang.IllegalStateException: UNRESOLVED_REFERENCE: Unresolved reference: listOfNotNull (158,20) in <path-truncated>
1	java.lang.IllegalStateException: UNRESOLVED_REFERENCE: Unresolved reference: listOfNotNull (42,20) in <path-truncated>
1	java.lang.IllegalStateException: UNRESOLVED_REFERENCE: Unresolved reference: mapOf (6,78) in <path-truncated>
1	java.lang.IllegalStateException: UNRESOLVED_REFERENCE: Unresolved reference: mapOf (8,96) in <path-truncated>
1	java.lang.IllegalStateException: UNRESOLVED_REFERENCE: Unresolved reference: mutableListOf (10,85) in <path-truncated>
1	java.lang.IllegalStateException: UNRESOLVED_REFERENCE: Unresolved reference: mutableMapOf (30,119) in <path-truncated>
1	java.lang.IllegalStateException: UNRESOLVED_REFERENCE: Unresolved reference: println (29,5) in <path-truncated>
1	java.lang.IllegalStateException: UNRESOLVED_REFERENCE: Unresolved reference: println (9,17) in <path-truncated>
1	java.lang.IllegalStateException: UNRESOLVED_REFERENCE: Unresolved reference: sequenceOf (8,22) in <path-truncated>
1	java.lang.IllegalStateException: UNRESOLVED_REFERENCE: Unresolved reference: setOf (150,25) in <path-truncated>
1	java.lang.IllegalStateException: UNRESOLVED_REFERENCE: Unresolved reference: setOf (6,15) in <path-truncated>
1	java.lang.IllegalStateException: UNRESOLVED_REFERENCE: Unresolved reference: setOf (8,16) in <path-truncated>
1	java.lang.IllegalStateException: UNRESOLVED_REFERENCE: Unresolved reference: setOf (98,25) in <path-truncated>
1	java.lang.IllegalStateException: UNRESOLVED_REFERENCE: Unresolved reference: substring (22,32) in <path-truncated>
1	java.lang.IllegalStateException: UNRESOLVED_REFERENCE: Unresolved reference: toInt (3,64) in <path-truncated>
1	java.lang.IllegalStateException: UNRESOLVED_REFERENCE: Unresolved reference: toList (66,65) in <path-truncated>
1	java.lang.IllegalStateException: UNRESOLVED_REFERENCE: Unresolved reference: trim (6,18) in <path-truncated>
1	java.lang.IllegalStateException: UNRESOLVED_REFERENCE: Unresolved reference: ubyteArrayOf (7,13) in <path-truncated>
1	java.lang.IllegalStateException: UNRESOLVED_REFERENCE: Unresolved reference: uintArrayOf (5,15) in <path-truncated>
1	java.lang.IllegalStateException: UNRESOLVED_REFERENCE: Unresolved reference: withIndex (8,36) in <path-truncated>
1	java.lang.IllegalStateException: Validation failed in file <path-truncated>
1	java.lang.IllegalStateException: org.jetbrains.kotlin.ir.declarations.impl.IrVariableImpl@... for VAR SYNTHESIZED_DECLARATION name:tmp type:kotlin.Unit [var] has unexpected parent org.jetbrains.kotlin.ir.declarations.persistent.PersistentIrFunction@...
1	org.junit.ComparisonFailure: expected:<OK[]> but was:<OK[OK]>
1	org.junit.ComparisonFailure: expected:<O[K]> but was:<O[]>
1	org.junit.ComparisonFailure: expected:<[OK]> but was:<['One' should map to '1' but was -1]>
1	org.junit.ComparisonFailure: expected:<[OK]> but was:<[<compiled_module.Nested object at [address]><compiled_module.Nested object at [address]>]>
1	org.junit.ComparisonFailure: expected:<[OK]> but was:<[<compiled_module.SendBuffered object at [address]>]>
1	org.junit.ComparisonFailure: expected:<[OK]> but was:<[<compiled_module.State object at [address]><compiled_module.State object at [address]>]>
1	org.junit.ComparisonFailure: expected:<[OK]> but was:<[A(string=OK)]>
1	org.junit.ComparisonFailure: expected:<[OK]> but was:<[FAIL 0: None]>
1	org.junit.ComparisonFailure: expected:<[OK]> but was:<[Fail 1 1]>
1	org.junit.ComparisonFailure: expected:<[OK]> but was:<[Fail 1 2]>
1	org.junit.ComparisonFailure: expected:<[OK]> but was:<[Fail 1, expected 1, but 102]>
1	org.junit.ComparisonFailure: expected:<[OK]> but was:<[Fail 4: A.bNonConst === B.bNonConst]>
1	org.junit.ComparisonFailure: expected:<[OK]> but was:<[Fail equals]>
1	org.junit.ComparisonFailure: expected:<[OK]> but was:<[Fail get]>
1	org.junit.ComparisonFailure: expected:<[OK]> but was:<[Fail testInt 3]>
1	org.junit.ComparisonFailure: expected:<[OK]> but was:<[Fail toString]>
1	org.junit.ComparisonFailure: expected:<[OK]> but was:<[Fail1]>
1	org.junit.ComparisonFailure: expected:<[OK]> but was:<[Failed: d.callsBaseFun()==Derived.baseFun()]>
1	org.junit.ComparisonFailure: expected:<[OK]> but was:<[Failed: dd.callsSuperDeeperBaseFun()==DeepDerived.deeperBaseFun()]>
1	org.junit.ComparisonFailure: expected:<[OK]> but was:<[Failure]>
1	org.junit.ComparisonFailure: expected:<[OK]> but was:<[FakeInt(42) != 42]>
1	org.junit.ComparisonFailure: expected:<[OK]> but was:<[a = None; b = None]>
1	org.junit.ComparisonFailure: expected:<[OK]> but was:<[fail 1: 16 != None]>
1	org.junit.ComparisonFailure: expected:<[OK]> but was:<[fail 1; r = BBB.baz]>
1	org.junit.ComparisonFailure: expected:<[OK]> but was:<[fail 1; r = None]>
1	org.junit.ComparisonFailure: expected:<[OK]> but was:<[fail <compiled_module.Num object at [address]>]>
1	org.junit.ComparisonFailure: expected:<[OK]> but was:<[fail None]>
1	org.junit.ComparisonFailure: expected:<[OK]> but was:<[fail cmp 1]>
1	org.junit.ComparisonFailure: expected:<[OK]> but was:<[fail template]>
1	org.junit.ComparisonFailure: expected:<[OK]> but was:<[fail1]>
1	org.junit.ComparisonFailure: expected:<[OK]> but was:<[fail2]>
1	org.junit.ComparisonFailure: expected:<[OK]> but was:<[fail3: None]>
1	org.junit.ComparisonFailure: expected:<[OK]> but was:<[fail5]>
1	org.junit.ComparisonFailure: expected:<[OK]> but was:<[fail: 1]>
1	org.junit.ComparisonFailure: expected:<[OK]> but was:<[fail: <compiled_module.A object at [address]>]>
1	org.junit.ComparisonFailure: expected:<[OK]> but was:<[fail: ??]>
1	org.junit.ComparisonFailure: expected:<[OK]> but was:<[inner getter or setter failed]>
1	org.junit.ComparisonFailure: expected:<[OK]> but was:<[test0 failed]>
1	org.junit.ComparisonFailure: expected:<[OK]> but was:<[test1 fail]>
1	org.junit.ComparisonFailure: expected:<[OK]> but was:<[test6 fail]>
1	org.junit.ComparisonFailure: expected:<[OK]> but was:<[wrong lambda]>
1	org.junit.ComparisonFailure: expected:<[O]K> but was:<[fail2: K]K>
1	org.junit.ComparisonFailure: expected:<[]OK> but was:<[fail 3: C_]OK>
1	org.junit.ComparisonFailure: expected:<[]OK> but was:<[fail 3: fromC_]OK>
